Workbook

Sheet CRONOGRAMA DE EVALUACIONES
B2: CENTRO DE INFORMÁTICA USS (CINF - PROTECH XP)
B3: CRONOGRAMA OFICIAL DE CLASES, TALLERES Y EXÁMENES ONLINE — DISEÑO WEB
B4: Horario: Martes y Jueves | Inicio: 15 de Septiembre de 2026 | Modalidad: Presencial / Virtual
B6: FECHAS CLAVE DE EVALUACIÓN (CUÁNDO SE RINDEN LOS EXÁMENES Y TALLERES)
B7: TALLER ONLINE 1 [TA1] | C7: 15% | D7: JUEVES 01 DE OCTUBRE | E7: Sesión 6 | F7: Formularios HTML5 y validación en Aula Virtual
B8: TALLER ONLINE 2 [TA2] | C8: 15% | D8: JUEVES 22 DE OCTUBRE | E8: Sesión 12 | F8: Diseño Web Responsivo (Media Queries) en Aula Virtual
B9: PROYECTO WEB INTEGRADOR | C9: — | D9: MARTES 03 DE NOVIEMBRE | E9: Sesión 15 | F9: Revisión final y despliegue del sitio web completo
B10: EXAMEN FINAL [EF] | C10: 30% | D10: JUEVES 05 DE NOVIEMBRE | E10: Sesión 16 | F10: Evaluación Integradora en Aula Virtual USS
B11: PARTICIPACIÓN EN AULA [PA] | C11: 40% | D11: CONTINUA (TODAS LAS CLASES) | E11: Sesión 1 al 16 | F11: Intervenciones, talleres prácticos y actitud proactiva
B13: CRONOGRAMA DETALLADO DE LAS 16 SESIONES (SÍLABO DE DISEÑO WEB)
B14: SESIÓN | C14: DÍA | D14: FECHA | E14: TEMA SEGÚN SÍLABO OFICIAL USS | F14: ACTIVIDAD / EVALUACIÓN | G14: PESO (%) | H14: MODALIDAD / LUGAR
B15: Sesión 1 | C15: M | D15: 15/09 | E15: Presentación y Marco de Diseño Web | F15: Participación [P] | G15: 40% [P] | H15: Clase Sincrónica (Zoom / Aula)
B16: Sesión 2 | C16: J | D16: 17/09 | E16: HTML5 y Estructura Semántica | F16: Participación [P] | G16: 40% [P] | H16: Clase Sincrónica (Zoom / Aula)
B17: Sesión 3 | C17: M | D17: 22/09 | E17: Maquetación Semántica (<header>, <nav>) | F17: Participación [P] | G17: 40% [P] | H17: Clase Sincrónica (Zoom / Aula)
B18: Sesión 4 | C18: J | D18: 24/09 | E18: Multimedia y Enlaces en HTML5 | F18: Participación [P] | G18: 40% [P] | H18: Clase Sincrónica (Zoom / Aula)
B19: Sesión 5 | C19: M | D19: 29/09 | E19: Tablas en HTML5 y Accesibilidad | F19: Participación [P] | G19: 40% [P] | H19: Clase Sincrónica (Zoom / Aula)
B20: Sesión 6 | C20: J | D20: 01/10 | E20: Formularios HTML5 / Taller Online TA1 | F20: TALLER ONLINE 1 (15%) | G20: 15% | H20: Aula Virtual USS (Online)
B21: Sesión 7 | C21: M | D21: 06/10 | E21: Multimedia Avanzado (<video>, <audio>) | F21: Participación [P] | G21: 40% [P] | H21: Clase Sincrónica (Zoom / Aula)
B22: Sesión 8 | C22: J | D22: 08/10 | E22: Introducción a CSS3 y Selectores | F22: Participación [P] | G22: 40% [P] | H22: Clase Sincrónica (Zoom / Aula)
B23: Sesión 9 | C23: M | D23: 13/10 | E23: Propiedades Básicas de CSS3 | F23: Participación [P] | G23: 40% [P] | H23: Clase Sincrónica (Zoom / Aula)
B24: Sesión 10 | C24: J | D24: 15/10 | E24: CSS3: Modelos de Caja, Flexbox y Grid | F24: Participación [P] | G24: 40% [P] | H24: Clase Sincrónica (Zoom / Aula)
B25: Sesión 11 | C25: M | D25: 20/10 | E25: Animaciones y Transiciones CSS3 | F25: Participación [P] | G25: 40% [P] | H25: Clase Sincrónica (Zoom / Aula)
... B30: Sesión 16 | C30: J | D30: 05/11 | E30: Examen Final [EF] Evaluación Integradora | F30: EXAMEN FINAL (30%) | G30: 30% | H30: Aula Virtual USS (Online)
B31: REGLAMENTO ACADÉMICO USS: 1. Asistencia mínima del 80% requerida para no quedar inhabilitado (DPI). 2. Talleres online no rendidos requieren justificación y pago de derecho CIS (S/ 20.00).

Sheet REGISTRO COMPLETO (SÍLABO)
B1: REGISTRO INTEGRAL | D1: CURSO: DISEÑO WEB (72 HRS) — CENTRO DE INFORMÁTICA USS | HORARIO: MARTES Y JUEVES | V1: FECHAS CLAVE: TA1 (01/10) | TA2 (22/10) | EXAMEN FINAL (05/11)
D2: DOCENTE: CHUMAN LLUEN DAGNER ANIBAL | N2: GRUPO: CINF USS | INICIO: MAR 15/09/2026 | V2: FÓRMULA SÍLABO: PROMEDIO = 40% PA + 15% TA1 + 15% TA2 + 30% EF
B3: DATOS DEL ALUMNO | D3: CONTROL DE ASISTENCIA SESIÓN POR SESIÓN (16 SESIONES: MAR 15/09 AL JUE 05/11) | T3: ASISTENCIA | V3: PARTICIPACIÓN [40%] | X3: EXÁMENES Y TALLERES ONLINE | AA3: PROMEDIO FINAL
B4: NO | C4: APELLIDOS Y NOMBRES | D4: 15/09 M | E4: 17/09 J | F4: 22/09 M | G4: 24/09 J | H4: 29/09 M | I4: 01/10 TA1 (15%) | J4: 06/10 M | K4: 08/10 J | L4: 13/10 M | M4: 15/10 J | N4: 20/10 M | O4: 22/10 TA2 (15%) | P4: 27/10 M | Q4: 29/10 J | R4: 03/11 M | S4: 05/11 EF (30%) | T4: % ASIST | U4: CONDICIÓN | V4: TOTAL PART | W4: NOTA PA (40%) | X4: TA1 (15%) 01/10 | Y4: TA2 (15%) 22/10 | Z4: EF (30%) 05/11 | AA4: PROMEDIO | AB4: ESTADO
B5: 1 | C5: NURIED ARLET ATOCHE ORELLANA | D5: F | E5: A | F5: A | G5: A | H5: F | T5: =IF(COUNTA(D5:S5)=0, 0, (COUNTIF(D5:S5,"A")+COUNTIF(D5:S5,"R"))/COUNTA(D5:S5)) -> 0.6 | U5: =IF(COUNTA(D5:S5)=0, "SIN REGISTRO", IF(T5>=0.8, "APTO", "INHABILITADO")) -> INHABILITADO | V5: ='CONTROL DE PARTICIPACIONES'!U5 -> 3 | W5: ='CONTROL DE PARTICIPACIONES'!W5 -> 10 | AA5: =ROUND((0.4*W5) + (0.15*IF(X5="",0,X5)) + (0.15*IF(Y5="",0,Y5)) + (0.3*IF(Z5="",0,Z5)), 0) -> 4 | AB5: =IF(T5<0.8, "DPI (<80%)", IF(AA5>=11, "APROBADO", "DESAPROBADO")) -> DPI (<80%)
B6: 2 | C6: ESTHER ZULEYKA BAYONA PAREDES | D6: A | E6: A | F6: A | G6: F | H6: A | T6: =IF(COUNTA(D6:S6)=0, 0, (COUNTIF(D6:S6,"A")+COUNTIF(D6:S6,"R"))/COUNTA(D6:S6)) -> 0.8 | U6: =IF(COUNTA(D6:S6)=0, "SIN REGISTRO", IF(T6>=0.8, "APTO", "INHABILITADO")) -> APTO | V6: ='CONTROL DE PARTICIPACIONES'!U6 -> 7 | W6: ='CONTROL DE PARTICIPACIONES'!W6 -> 16 | AA6: =ROUND((0.4*W6) + (0.15*IF(X6="",0,X6)) + (0.15*IF(Y6="",0,Y6)) + (0.3*IF(Z6="",0,Z6)), 0) -> 6 | AB6: =IF(T6<0.8, "DPI (<80%)", IF(AA6>=11, "APROBADO", "DESAPROBADO")) -> DESAPROBADO
B7: 3 | C7: RODOLFO VALENTINO BONILLA VALLEJOS | D7: F | E7: F | F7: A | G7: F | H7: F | T7: =IF(COUNTA(D7:S7)=0, 0, (COUNTIF(D7:S7,"A")+COUNTIF(D7:S7,"R"))/COUNTA(D7:S7)) -> 0.2 | U7: =IF(COUNTA(D7:S7)=0, "SIN REGISTRO", IF(T7>=0.8, "APTO", "INHABILITADO")) -> INHABILITADO | V7: ='CONTROL DE PARTICIPACIONES'!U7 -> 0 | W7: ='CONTROL DE PARTICIPACIONES'!W7 -> 5 | AA7: =ROUND((0.4*W7) + (0.15*IF(X7="",0,X7)) + (0.15*IF(Y7="",0,Y7)) + (0.3*IF(Z7="",0,Z7)), 0) -> 2 | AB7: =IF(T7<0.8, "DPI (<80%)", IF(AA7>=11, "APROBADO", "DESAPROBADO")) -> DPI (<80%)
B8: 4 | C8: NATAN RAY CABRERA ACUÑA | D8: F | E8: F | F8: F | G8: F | H8: F | T8: =IF(COUNTA(D8:S8)=0, 0, (COUNTIF(D8:S8,"A")+COUNTIF(D8:S8,"R"))/COUNTA(D8:S8)) -> 0 | U8: =IF(COUNTA(D8:S8)=0, "SIN REGISTRO", IF(T8>=0.8, "APTO", "INHABILITADO")) -> INHABILITADO | V8: ='CONTROL DE PARTICIPACIONES'!U8 -> 0 | W8: ='CONTROL DE PARTICIPACIONES'!W8 -> 5 | AA8: =ROUND((0.4*W8) + (0.15*IF(X8="",0,X8)) + (0.15*IF(Y8="",0,Y8)) + (0.3*IF(Z8="",0,Z8)), 0) -> 2 | AB8: =IF(T8<0.8, "DPI (<80%)", IF(AA8>=11, "APROBADO", "DESAPROBADO")) -> DPI (<80%)
B9: 5 | C9: JOSE FABRICIO CASTAÑEDA COTRINA | D9: F | E9: F | F9: F | G9: F | H9: F | T9: =IF(COUNTA(D9:S9)=0, 0, (COUNTIF(D9:S9,"A")+COUNTIF(D9:S9,"R"))/COUNTA(D9:S9)) -> 0 | U9: =IF(COUNTA(D9:S9)=0, "SIN REGISTRO", IF(T9>=0.8, "APTO", "INHABILITADO")) -> INHABILITADO | V9: ='CONTROL DE PARTICIPACIONES'!U9 -> 0 | W9: ='CONTROL DE PARTICIPACIONES'!W9 -> 5 | AA9: =ROUND((0.4*W9) + (0.15*IF(X9="",0,X9)) + (0.15*IF(Y9="",0,Y9)) + (0.3*IF(Z9="",0,Z9)), 0) -> 2 | AB9: =IF(T9<0.8, "DPI (<80%)", IF(AA9>=11, "APROBADO", "DESAPROBADO")) -> DPI (<80%)
B10: 6 | C10: DAYHELI ANGELINE CASTILLO ARCELA | D10: F | E10: F | F10: F | G10: F | H10: F | T10: =IF(COUNTA(D10:S10)=0, 0, (COUNTIF(D10:S10,"A")+COUNTIF(D10:S10,"R"))/COUNTA(D10:S10)) -> 0 | U10: =IF(COUNTA(D10:S10)=0, "SIN REGISTRO", IF(T10>=0.8, "APTO", "INHABILITADO")) -> INHABILITADO | V10: ='CONTROL DE PARTICIPACIONES'!U10 -> 0 | W10: ='CONTROL DE PARTICIPACIONES'!W10 -> 5 | AA10: =ROUND((0.4*W10) + (0.15*IF(X10="",0,X10)) + (0.15*IF(Y10="",0,Y10)) + (0.3*IF(Z10="",0,Z10)), 0) -> 2 | AB10: =IF(T10<0.8, "DPI (<80%)", IF(AA10>=11, "APROBADO", "DESAPROBADO")) -> DPI (<80%)
B11: 7 | C11: JUAN D'ALESSANDRO CUSTODIO CAMPOS | D11: F | E11: F | F11: A | G11: A | H11: A | T11: =IF(COUNTA(D11:S11)=0, 0, (COUNTIF(D11:S11,"A")+COUNTIF(D11:S11,"R"))/COUNTA(D11:S11)) -> 0.6 | U11: =IF(COUNTA(D11:S11)=0, "SIN REGISTRO", IF(T11>=0.8, "APTO", "INHABILITADO")) -> INHABILITADO | V11: ='CONTROL DE PARTICIPACIONES'!U11 -> 0 | W11: ='CONTROL DE PARTICIPACIONES'!W11 -> 5 | AA11: =ROUND((0.4*W11) + (0.15*IF(X11="",0,X11)) + (0.15*IF(Y11="",0,Y11)) + (0.3*IF(Z11="",0,Z11)), 0) -> 2 | AB11: =IF(T11<0.8, "DPI (<80%)", IF(AA11>=11, "APROBADO", "DESAPROBADO")) -> DPI (<80%)
B12: 8 | C12: ANYILI PIERINA DIAZ CARRASCO | D12: A | E12: A | F12: F | G12: A | H12: A | T12: =IF(COUNTA(D12:S12)=0, 0, (COUNTIF(D12:S12,"A")+COUNTIF(D12:S12,"R"))/COUNTA(D12:S12)) -> 0.8 | U12: =IF(COUNTA(D12:S12)=0, "SIN REGISTRO", IF(T12>=0.8, "APTO", "INHABILITADO")) -> APTO | V12: ='CONTROL DE PARTICIPACIONES'!U12 -> 3 | W12: ='CONTROL DE PARTICIPACIONES'!W12 -> 10 | AA12: =ROUND((0.4*W12) + (0.15*IF(X12="",0,X12)) + (0.15*IF(Y12="",0,Y12)) + (0.3*IF(Z12="",0,Z12)), 0) -> 4 | AB12: =IF(T12<0.8, "DPI (<80%)", IF(AA12>=11, "APROBADO", "DESAPROBADO")) -> DESAPROBADO
B13: 9 | C13: CESAR ENRIQUE FARROÑAN SANCHEZ | D13: A | E13: A | F13: F | G13: A | H13: F | T13: =IF(COUNTA(D13:S13)=0, 0, (COUNTIF(D13:S13,"A")+COUNTIF(D13:S13,"R"))/COUNTA(D13:S13)) -> 0.6 | U13: =IF(COUNTA(D13:S13)=0, "SIN REGISTRO", IF(T13>=0.8, "APTO", "INHABILITADO")) -> INHABILITADO | V13: ='CONTROL DE PARTICIPACIONES'!U13 -> 6 | W13: ='CONTROL DE PARTICIPACIONES'!W13 -> 14 | AA13: =ROUND((0.4*W13) + (0.15*IF(X13="",0,X13)) + (0.15*IF(Y13="",0,Y13)) + (0.3*IF(Z13="",0,Z13)), 0) -> 6 | AB13: =IF(T13<0.8, "DPI (<80%)", IF(AA13>=11, "APROBADO", "DESAPROBADO")) -> DPI (<80%)
B14: 10 | C14: JOSUE ALBANO GALVEZ ODAR | D14: F | E14: R | F14: A | G14: R | H14: F | T14: =IF(COUNTA(D14:S14)=0, 0, (COUNTIF(D14:S14,"A")+COUNTIF(D14:S14,"R"))/COUNTA(D14:S14)) -> 0.6 | U14: =IF(COUNTA(D14:S14)=0, "SIN REGISTRO", IF(T14>=0.8, "APTO", "INHABILITADO")) -> INHABILITADO | V14: ='CONTROL DE PARTICIPACIONES'!U14 -> 0 | W14: ='CONTROL DE PARTICIPACIONES'!W14 -> 5 | AA14: =ROUND((0.4*W14) + (0.15*IF(X14="",0,X14)) + (0.15*IF(Y14="",0,Y14)) + (0.3*IF(Z14="",0,Z14)), 0) -> 2 | AB14: =IF(T14<0.8, "DPI (<80%)", IF(AA14>=11, "APROBADO", "DESAPROBADO")) -> DPI (<80%)
B15: 11 | C15: HILDER YOSMAN LARA TINEO | D15: F | E15: R | F15: A | G15: R | H15: A | T15: =IF(COUNTA(D15:S15)=0, 0, (COUNTIF(D15:S15,"A")+COUNTIF(D15:S15,"R"))/COUNTA(D15:S15)) -> 0.8 | U15: =IF(COUNTA(D15:S15)=0, "SIN REGISTRO", IF(T15>=0.8, "APTO", "INHABILITADO")) -> APTO | V15: ='CONTROL DE PARTICIPACIONES'!U15 -> 5 | W15: ='CONTROL DE PARTICIPACIONES'!W15 -> 13 | AA15: =ROUND((0.4*W15) + (0.15*IF(X15="",0,X15)) + (0.15*IF(Y15="",0,Y15)) + (0.3*IF(Z15="",0,Z15)), 0) -> 5 | AB15: =IF(T15<0.8, "DPI (<80%)", IF(AA15>=11, "APROBADO", "DESAPROBADO")) -> DESAPROBADO
B16: 12 | C16: JENIFFER KIMBERLY MANAYALLE DELGADO | D16: A | E16: R | F16: F | G16: A | H16: A | T16: =IF(COUNTA(D16:S16)=0, 0, (COUNTIF(D16:S16,"A")+COUNTIF(D16:S16,"R"))/COUNTA(D16:S16)) -> 0.8 | U16: =IF(COUNTA(D16:S16)=0, "SIN REGISTRO", IF(T16>=0.8, "APTO", "INHABILITADO")) -> APTO | V16: ='CONTROL DE PARTICIPACIONES'!U16 -> 9 | W16: ='CONTROL DE PARTICIPACIONES'!W16 -> 18 | AA16: =ROUND((0.4*W16) + (0.15*IF(X16="",0,X16)) + (0.15*IF(Y16="",0,Y16)) + (0.3*IF(Z16="",0,Z16)), 0) -> 7 | AB16: =IF(T16<0.8, "DPI (<80%)", IF(AA16>=11, "APROBADO", "DESAPROBADO")) -> DESAPROBADO
... B20: 16 | C20: DANIEL ANTONIO VIDARTE VIDARTE | D20: A | E20: A | F20: F | G20: A | H20: A | T20: =IF(COUNTA(D20:S20)=0, 0, (COUNTIF(D20:S20,"A")+COUNTIF(D20:S20,"R"))/COUNTA(D20:S20)) -> 0.8 | U20: =IF(COUNTA(D20:S20)=0, "SIN REGISTRO", IF(T20>=0.8, "APTO", "INHABILITADO")) -> APTO | V20: ='CONTROL DE PARTICIPACIONES'!U20 -> 3 | W20: ='CONTROL DE PARTICIPACIONES'!W20 -> 10 | AA20: =ROUND((0.4*W20) + (0.15*IF(X20="",0,X20)) + (0.15*IF(Y20="",0,Y20)) + (0.3*IF(Z20="",0,Z20)), 0) -> 4 | AB20: =IF(T20<0.8, "DPI (<80%)", IF(AA20>=11, "APROBADO", "DESAPROBADO")) -> DESAPROBADO
B21: 17 | T21: =IF(COUNTA(D21:S21)=0, 0, (COUNTIF(D21:S21,"A")+COUNTIF(D21:S21,"R"))/COUNTA(D21:S21)) -> 0 | U21: =IF(COUNTA(D21:S21)=0, "SIN REGISTRO", IF(T21>=0.8, "APTO", "INHABILITADO")) -> SIN REGISTRO | V21: ='CONTROL DE PARTICIPACIONES'!U21 -> 0 | W21: ='CONTROL DE PARTICIPACIONES'!W21 -> 5 | AA21: =ROUND((0.4*W21) + (0.15*IF(X21="",0,X21)) + (0.15*IF(Y21="",0,Y21)) + (0.3*IF(Z21="",0,Z21)), 0) -> 2 | AB21: =IF(T21<0.8, "DPI (<80%)", IF(AA21>=11, "APROBADO", "DESAPROBADO")) -> DPI (<80%)
B22: 18 | T22: =IF(COUNTA(D22:S22)=0, 0, (COUNTIF(D22:S22,"A")+COUNTIF(D22:S22,"R"))/COUNTA(D22:S22)) -> 0 | U22: =IF(COUNTA(D22:S22)=0, "SIN REGISTRO", IF(T22>=0.8, "APTO", "INHABILITADO")) -> SIN REGISTRO | V22: ='CONTROL DE PARTICIPACIONES'!U22 -> 0 | W22: ='CONTROL DE PARTICIPACIONES'!W22 -> 5 | AA22: =ROUND((0.4*W22) + (0.15*IF(X22="",0,X22)) + (0.15*IF(Y22="",0,Y22)) + (0.3*IF(Z22="",0,Z22)), 0) -> 2 | AB22: =IF(T22<0.8, "DPI (<80%)", IF(AA22>=11, "APROBADO", "DESAPROBADO")) -> DPI (<80%)
B23: 19 | T23: =IF(COUNTA(D23:S23)=0, 0, (COUNTIF(D23:S23,"A")+COUNTIF(D23:S23,"R"))/COUNTA(D23:S23)) -> 0 | U23: =IF(COUNTA(D23:S23)=0, "SIN REGISTRO", IF(T23>=0.8, "APTO", "INHABILITADO")) -> SIN REGISTRO | V23: ='CONTROL DE PARTICIPACIONES'!U23 -> 0 | W23: ='CONTROL DE PARTICIPACIONES'!W23 -> 5 | AA23: =ROUND((0.4*W23) + (0.15*IF(X23="",0,X23)) + (0.15*IF(Y23="",0,Y23)) + (0.3*IF(Z23="",0,Z23)), 0) -> 2 | AB23: =IF(T23<0.8, "DPI (<80%)", IF(AA23>=11, "APROBADO", "DESAPROBADO")) -> DPI (<80%)
B24: 20 | T24: =IF(COUNTA(D24:S24)=0, 0, (COUNTIF(D24:S24,"A")+COUNTIF(D24:S24,"R"))/COUNTA(D24:S24)) -> 0 | U24: =IF(COUNTA(D24:S24)=0, "SIN REGISTRO", IF(T24>=0.8, "APTO", "INHABILITADO")) -> SIN REGISTRO | V24: ='CONTROL DE PARTICIPACIONES'!U24 -> 0 | W24: ='CONTROL DE PARTICIPACIONES'!W24 -> 5 | AA24: =ROUND((0.4*W24) + (0.15*IF(X24="",0,X24)) + (0.15*IF(Y24="",0,Y24)) + (0.3*IF(Z24="",0,Z24)), 0) -> 2 | AB24: =IF(T24<0.8, "DPI (<80%)", IF(AA24>=11, "APROBADO", "DESAPROBADO")) -> DPI (<80%)
B25: ASISTENCIA DIARIAS / PROMEDIO | D25: =COUNTIF(D5:D24, "A") -> 7 | E25: =COUNTIF(E5:E24, "A") -> 6 | F25: =COUNTIF(F5:F24, "A") -> 9 | G25: =COUNTIF(G5:G24, "A") -> 6 | H25: =COUNTIF(H5:H24, "A") -> 8 | I25: =COUNTIF(I5:I24, "A") -> 0 | J25: =COUNTIF(J5:J24, "A") -> 0 | K25: =COUNTIF(K5:K24, "A") -> 0 | ... S25: =COUNTIF(S5:S24, "A") -> 0 | T25: =AVERAGE(T5:T24) -> 0.43 | V25: =AVERAGE(V5:V24) -> 2 | W25: =ROUND(AVERAGE(W5:W24), 1) -> 8.1 | X25: =ROUND(AVERAGE(X5:X24), 1) -> #DIV/0! | Y25: =ROUND(AVERAGE(Y5:Y24), 1) -> #DIV/0! | Z25: =ROUND(AVERAGE(Z5:Z24), 1) -> #DIV/0! | AA25: =ROUND(AVERAGE(AA5:AA24), 1) -> 3.2 | AB25: =COUNTIF(AB5:AB24, "APROBADO") & " Aprobados" -> 0 Aprobados
B26: RECORDATORIO | D26: Marque asistencia (A, F, R). Las notas de participación se calculan en la hoja 'CONTROL DE PARTICIPACIONES'. Las notas de TA1 (01/10), TA2 (22/10) y EF (05/11) se ingresan de 0 a 20.

Sheet CONTROL DE PARTICIPACIONES
B1: PARTICIPACIONES | D1: REGISTRO CONTINUO DE INTERVENCIONES EN AULA / VIRTUAL [PA: 40%] — DISEÑO WEB USS
D2: DOCENTE: CHUMAN LLUEN DAGNER ANIBAL | N2: RÚBRICA USS: 0 Part = 05 pts | 1-3 Part = 07-10 pts | 4-7 Part = 11-16 pts | ≥8 Part = 17-20 pts
B3: DATOS DEL ALUMNO | D3: INTERVENCIONES Y PARTICIPACIÓN DIARIA (16 SESIONES: 15/09 AL 05/11) | T3: CÁLCULO Y NOTA VIGESIMAL [PA: 40%]
B4: NO | C4: APELLIDOS Y NOMBRES | D4: 15/09 M | E4: 17/09 J | F4: 22/09 M | G4: 24/09 J | H4: 29/09 M | I4: 01/10 TA1 (15%) | J4: 06/10 M | K4: 08/10 J | L4: 13/10 M | M4: 15/10 J | N4: 20/10 M | O4: 22/10 TA2 (15%) | P4: 27/10 M | Q4: 29/10 J | R4: 03/11 M | S4: 05/11 EF (30%) | T4: ASIST % | U4: TOTAL PART | V4: DÍAS ACTIVO | W4: NOTA PA (0 - 20) | X4: NIVEL DE LOGRO (RÚBRICA USS)
B5: 1 | C5: ='REGISTRO COMPLETO (SÍLABO)'!C5 -> NURIED ARLET ATOCHE ORELLANA | D5: 1 | E5: 1 | F5: 1 | G5: 0 | H5: 0 | T5: ='REGISTRO COMPLETO (SÍLABO)'!T5 -> 0.6 | U5: =SUM(D5:S5) -> 3 | V5: =COUNTIF(D5:S5, ">0") -> 3 | W5: =ROUND(IF(U5=0, 5, IF(U5<=3, 7 + (U5-1)*1.5, IF(U5<=7, 11 + (U5-4)*1.66, MIN(20, 17 + (U5-8)*0.5)))), 0) -> 10 | X5: =IF(W5>=17, "DESTACADO (17-20)", IF(W5>=11, "ACTIVO (11-16)", IF(W5>=7, "EN PROCESO (07-10)", "INICIAL (00-06)"))) -> EN PROCESO (07-10)
B6: 2 | C6: ='REGISTRO COMPLETO (SÍLABO)'!C6 -> ESTHER ZULEYKA BAYONA PAREDES | D6: 2 | E6: 2 | F6: 3 | G6: 0 | H6: 0 | T6: ='REGISTRO COMPLETO (SÍLABO)'!T6 -> 0.8 | U6: =SUM(D6:S6) -> 7 | V6: =COUNTIF(D6:S6, ">0") -> 3 | W6: =ROUND(IF(U6=0, 5, IF(U6<=3, 7 + (U6-1)*1.5, IF(U6<=7, 11 + (U6-4)*1.66, MIN(20, 17 + (U6-8)*0.5)))), 0) -> 16 | X6: =IF(W6>=17, "DESTACADO (17-20)", IF(W6>=11, "ACTIVO (11-16)", IF(W6>=7, "EN PROCESO (07-10)", "INICIAL (00-06)"))) -> ACTIVO (11-16)
B7: 3 | C7: ='REGISTRO COMPLETO (SÍLABO)'!C7 -> RODOLFO VALENTINO BONILLA VALLEJOS | D7: 0 | E7: 0 | F7: 0 | G7: 0 | H7: 0 | T7: ='REGISTRO COMPLETO (SÍLABO)'!T7 -> 0.2 | U7: =SUM(D7:S7) -> 0 | V7: =COUNTIF(D7:S7, ">0") -> 0 | W7: =ROUND(IF(U7=0, 5, IF(U7<=3, 7 + (U7-1)*1.5, IF(U7<=7, 11 + (U7-4)*1.66, MIN(20, 17 + (U7-8)*0.5)))), 0) -> 5 | X7: =IF(W7>=17, "DESTACADO (17-20)", IF(W7>=11, "ACTIVO (11-16)", IF(W7>=7, "EN PROCESO (07-10)", "INICIAL (00-06)"))) -> INICIAL (00-06)
B8: 4 | C8: ='REGISTRO COMPLETO (SÍLABO)'!C8 -> NATAN RAY CABRERA ACUÑA | D8: 0 | E8: 0 | F8: 0 | G8: 0 | H8: 0 | T8: ='REGISTRO COMPLETO (SÍLABO)'!T8 -> 0 | U8: =SUM(D8:S8) -> 0 | V8: =COUNTIF(D8:S8, ">0") -> 0 | W8: =ROUND(IF(U8=0, 5, IF(U8<=3, 7 + (U8-1)*1.5, IF(U8<=7, 11 + (U8-4)*1.66, MIN(20, 17 + (U8-8)*0.5)))), 0) -> 5 | X8: =IF(W8>=17, "DESTACADO (17-20)", IF(W8>=11, "ACTIVO (11-16)", IF(W8>=7, "EN PROCESO (07-10)", "INICIAL (00-06)"))) -> INICIAL (00-06)
B9: 5 | C9: ='REGISTRO COMPLETO (SÍLABO)'!C9 -> JOSE FABRICIO CASTAÑEDA COTRINA | D9: 0 | E9: 0 | F9: 0 | G9: 0 | H9: 0 | T9: ='REGISTRO COMPLETO (SÍLABO)'!T9 -> 0 | U9: =SUM(D9:S9) -> 0 | V9: =COUNTIF(D9:S9, ">0") -> 0 | W9: =ROUND(IF(U9=0, 5, IF(U9<=3, 7 + (U9-1)*1.5, IF(U9<=7, 11 + (U9-4)*1.66, MIN(20, 17 + (U9-8)*0.5)))), 0) -> 5 | X9: =IF(W9>=17, "DESTACADO (17-20)", IF(W9>=11, "ACTIVO (11-16)", IF(W9>=7, "EN PROCESO (07-10)", "INICIAL (00-06)"))) -> INICIAL (00-06)
B10: 6 | C10: ='REGISTRO COMPLETO (SÍLABO)'!C10 -> DAYHELI ANGELINE CASTILLO ARCELA | D10: 0 | E10: 0 | F10: 0 | G10: 0 | H10: 0 | T10: ='REGISTRO COMPLETO (SÍLABO)'!T10 -> 0 | U10: =SUM(D10:S10) -> 0 | V10: =COUNTIF(D10:S10, ">0") -> 0 | W10: =ROUND(IF(U10=0, 5, IF(U10<=3, 7 + (U10-1)*1.5, IF(U10<=7, 11 + (U10-4)*1.66, MIN(20, 17 + (U10-8)*0.5)))), 0) -> 5 | X10: =IF(W10>=17, "DESTACADO (17-20)", IF(W10>=11, "ACTIVO (11-16)", IF(W10>=7, "EN PROCESO (07-10)", "INICIAL (00-06)"))) -> INICIAL (00-06)
B11: 7 | C11: ='REGISTRO COMPLETO (SÍLABO)'!C11 -> JUAN D'ALESSANDRO CUSTODIO CAMPOS | D11: 0 | E11: 0 | F11: 0 | G11: 0 | H11: 0 | T11: ='REGISTRO COMPLETO (SÍLABO)'!T11 -> 0.6 | U11: =SUM(D11:S11) -> 0 | V11: =COUNTIF(D11:S11, ">0") -> 0 | W11: =ROUND(IF(U11=0, 5, IF(U11<=3, 7 + (U11-1)*1.5, IF(U11<=7, 11 + (U11-4)*1.66, MIN(20, 17 + (U11-8)*0.5)))), 0) -> 5 | X11: =IF(W11>=17, "DESTACADO (17-20)", IF(W11>=11, "ACTIVO (11-16)", IF(W11>=7, "EN PROCESO (07-10)", "INICIAL (00-06)"))) -> INICIAL (00-06)
B12: 8 | C12: ='REGISTRO COMPLETO (SÍLABO)'!C12 -> ANYILI PIERINA DIAZ CARRASCO | D12: 1 | E12: 1 | F12: 1 | G12: 0 | H12: 0 | T12: ='REGISTRO COMPLETO (SÍLABO)'!T12 -> 0.8 | U12: =SUM(D12:S12) -> 3 | V12: =COUNTIF(D12:S12, ">0") -> 3 | W12: =ROUND(IF(U12=0, 5, IF(U12<=3, 7 + (U12-1)*1.5, IF(U12<=7, 11 + (U12-4)*1.66, MIN(20, 17 + (U12-8)*0.5)))), 0) -> 10 | X12: =IF(W12>=17, "DESTACADO (17-20)", IF(W12>=11, "ACTIVO (11-16)", IF(W12>=7, "EN PROCESO (07-10)", "INICIAL (00-06)"))) -> EN PROCESO (07-10)
B13: 9 | C13: ='REGISTRO COMPLETO (SÍLABO)'!C13 -> CESAR ENRIQUE FARROÑAN SANCHEZ | D13: 1 | E13: 2 | F13: 1 | G13: 2 | H13: 0 | T13: ='REGISTRO COMPLETO (SÍLABO)'!T13 -> 0.6 | U13: =SUM(D13:S13) -> 6 | V13: =COUNTIF(D13:S13, ">0") -> 4 | W13: =ROUND(IF(U13=0, 5, IF(U13<=3, 7 + (U13-1)*1.5, IF(U13<=7, 11 + (U13-4)*1.66, MIN(20, 17 + (U13-8)*0.5)))), 0) -> 14 | X13: =IF(W13>=17, "DESTACADO (17-20)", IF(W13>=11, "ACTIVO (11-16)", IF(W13>=7, "EN PROCESO (07-10)", "INICIAL (00-06)"))) -> ACTIVO (11-16)
B14: 10 | C14: ='REGISTRO COMPLETO (SÍLABO)'!C14 -> JOSUE ALBANO GALVEZ ODAR | D14: 0 | E14: 0 | F14: 0 | G14: 0 | H14: 0 | T14: ='REGISTRO COMPLETO (SÍLABO)'!T14 -> 0.6 | U14: =SUM(D14:S14) -> 0 | V14: =COUNTIF(D14:S14, ">0") -> 0 | W14: =ROUND(IF(U14=0, 5, IF(U14<=3, 7 + (U14-1)*1.5, IF(U14<=7, 11 + (U14-4)*1.66, MIN(20, 17 + (U14-8)*0.5)))), 0) -> 5 | X14: =IF(W14>=17, "DESTACADO (17-20)", IF(W14>=11, "ACTIVO (11-16)", IF(W14>=7, "EN PROCESO (07-10)", "INICIAL (00-06)"))) -> INICIAL (00-06)
B15: 11 | C15: ='REGISTRO COMPLETO (SÍLABO)'!C15 -> HILDER YOSMAN LARA TINEO | D15: 1 | E15: 1 | F15: 1 | G15: 0 | H15: 2 | T15: ='REGISTRO COMPLETO (SÍLABO)'!T15 -> 0.8 | U15: =SUM(D15:S15) -> 5 | V15: =COUNTIF(D15:S15, ">0") -> 4 | W15: =ROUND(IF(U15=0, 5, IF(U15<=3, 7 + (U15-1)*1.5, IF(U15<=7, 11 + (U15-4)*1.66, MIN(20, 17 + (U15-8)*0.5)))), 0) -> 13 | X15: =IF(W15>=17, "DESTACADO (17-20)", IF(W15>=11, "ACTIVO (11-16)", IF(W15>=7, "EN PROCESO (07-10)", "INICIAL (00-06)"))) -> ACTIVO (11-16)
B16: 12 | C16: ='REGISTRO COMPLETO (SÍLABO)'!C16 -> JENIFFER KIMBERLY MANAYALLE DELGADO | D16: 3 | E16: 3 | F16: 3 | G16: 0 | H16: 0 | T16: ='REGISTRO COMPLETO (SÍLABO)'!T16 -> 0.8 | U16: =SUM(D16:S16) -> 9 | V16: =COUNTIF(D16:S16, ">0") -> 3 | W16: =ROUND(IF(U16=0, 5, IF(U16<=3, 7 + (U16-1)*1.5, IF(U16<=7, 11 + (U16-4)*1.66, MIN(20, 17 + (U16-8)*0.5)))), 0) -> 18 | X16: =IF(W16>=17, "DESTACADO (17-20)", IF(W16>=11, "ACTIVO (11-16)", IF(W16>=7, "EN PROCESO (07-10)", "INICIAL (00-06)"))) -> DESTACADO (17-20)
... B20: 16 | C20: ='REGISTRO COMPLETO (SÍLABO)'!C20 -> DANIEL ANTONIO VIDARTE VIDARTE | D20: 1 | E20: 1 | F20: 1 | G20: 0 | H20: 0 | T20: ='REGISTRO COMPLETO (SÍLABO)'!T20 -> 0.8 | U20: =SUM(D20:S20) -> 3 | V20: =COUNTIF(D20:S20, ">0") -> 3 | W20: =ROUND(IF(U20=0, 5, IF(U20<=3, 7 + (U20-1)*1.5, IF(U20<=7, 11 + (U20-4)*1.66, MIN(20, 17 + (U20-8)*0.5)))), 0) -> 10 | X20: =IF(W20>=17, "DESTACADO (17-20)", IF(W20>=11, "ACTIVO (11-16)", IF(W20>=7, "EN PROCESO (07-10)", "INICIAL (00-06)"))) -> EN PROCESO (07-10)
B21: 17 | C21: ='REGISTRO COMPLETO (SÍLABO)'!C21 | T21: ='REGISTRO COMPLETO (SÍLABO)'!T21 -> 0 | U21: =SUM(D21:S21) -> 0 | V21: =COUNTIF(D21:S21, ">0") -> 0 | W21: =ROUND(IF(U21=0, 5, IF(U21<=3, 7 + (U21-1)*1.5, IF(U21<=7, 11 + (U21-4)*1.66, MIN(20, 17 + (U21-8)*0.5)))), 0) -> 5 | X21: =IF(W21>=17, "DESTACADO (17-20)", IF(W21>=11, "ACTIVO (11-16)", IF(W21>=7, "EN PROCESO (07-10)", "INICIAL (00-06)"))) -> INICIAL (00-06)
B22: 18 | C22: ='REGISTRO COMPLETO (SÍLABO)'!C22 | T22: ='REGISTRO COMPLETO (SÍLABO)'!T22 -> 0 | U22: =SUM(D22:S22) -> 0 | V22: =COUNTIF(D22:S22, ">0") -> 0 | W22: =ROUND(IF(U22=0, 5, IF(U22<=3, 7 + (U22-1)*1.5, IF(U22<=7, 11 + (U22-4)*1.66, MIN(20, 17 + (U22-8)*0.5)))), 0) -> 5 | X22: =IF(W22>=17, "DESTACADO (17-20)", IF(W22>=11, "ACTIVO (11-16)", IF(W22>=7, "EN PROCESO (07-10)", "INICIAL (00-06)"))) -> INICIAL (00-06)
B23: 19 | C23: ='REGISTRO COMPLETO (SÍLABO)'!C23 | T23: ='REGISTRO COMPLETO (SÍLABO)'!T23 -> 0 | U23: =SUM(D23:S23) -> 0 | V23: =COUNTIF(D23:S23, ">0") -> 0 | W23: =ROUND(IF(U23=0, 5, IF(U23<=3, 7 + (U23-1)*1.5, IF(U23<=7, 11 + (U23-4)*1.66, MIN(20, 17 + (U23-8)*0.5)))), 0) -> 5 | X23: =IF(W23>=17, "DESTACADO (17-20)", IF(W23>=11, "ACTIVO (11-16)", IF(W23>=7, "EN PROCESO (07-10)", "INICIAL (00-06)"))) -> INICIAL (00-06)
B24: 20 | C24: ='REGISTRO COMPLETO (SÍLABO)'!C24 | T24: ='REGISTRO COMPLETO (SÍLABO)'!T24 -> 0 | U24: =SUM(D24:S24) -> 0 | V24: =COUNTIF(D24:S24, ">0") -> 0 | W24: =ROUND(IF(U24=0, 5, IF(U24<=3, 7 + (U24-1)*1.5, IF(U24<=7, 11 + (U24-4)*1.66, MIN(20, 17 + (U24-8)*0.5)))), 0) -> 5 | X24: =IF(W24>=17, "DESTACADO (17-20)", IF(W24>=11, "ACTIVO (11-16)", IF(W24>=7, "EN PROCESO (07-10)", "INICIAL (00-06)"))) -> INICIAL (00-06)
B25: TOTAL INTERVENCIONES DEL DÍA | D25: =SUM(D5:D24) -> 11 | E25: =SUM(E5:E24) -> 12 | F25: =SUM(F5:F24) -> 13 | G25: =SUM(G5:G24) -> 2 | H25: =SUM(H5:H24) -> 2 | I25: =SUM(I5:I24) -> 0 | J25: =SUM(J5:J24) -> 0 | K25: =SUM(K5:K24) -> 0 | ... S25: =SUM(S5:S24) -> 0 | U25: =SUM(U5:U24) -> 40 | W25: =ROUND(AVERAGE(W5:W24), 1) -> 8.1
B26: INSTRUCCIONES | D26: Escriba el número de intervenciones en cada clase (ej: 1, 2). La nota vigesimal [PA: 40%] se calcula automáticamente en la columna W y se traslada al Promedio Final.

Sheet ASISTENCIA SEPTIEMBRE
B1: ASISTENCIA SEPTIEMBRE | D1: MES DE SEPTIEMBRE 2026 — 5 CLASES (INICIA MAR 15/09)
D2: CURSO: DISEÑO WEB (PROTECH XP - CINF USS) | MARTES Y JUEVES
B3: SEMANAS DE SEPTIEMBRE | D3: M | E3: J | F3: M | G3: J | H3: M | I3: % ASIST | J3: CONDICIÓN
B4: NO | C4: APELLIDOS Y NOMBRES | D4: 15/09 | E4: 17/09 | F4: 22/09 | G4: 24/09 | H4: 29/09 | I4: MIN 80% | J4: HABILITADO
B5: 1 | C5: ='REGISTRO COMPLETO (SÍLABO)'!C5 -> NURIED ARLET ATOCHE ORELLANA | D5: ='REGISTRO COMPLETO (SÍLABO)'!D5 -> F | E5: ='REGISTRO COMPLETO (SÍLABO)'!E5 -> A | F5: ='REGISTRO COMPLETO (SÍLABO)'!F5 -> A | G5: ='REGISTRO COMPLETO (SÍLABO)'!G5 -> A | H5: ='REGISTRO COMPLETO (SÍLABO)'!H5 -> F | I5: =IF(COUNTA(D5:H5)=0, 0, (COUNTIF(D5:H5,"A")+COUNTIF(D5:H5,"R"))/COUNTA(D5:H5)) -> 0.6 | J5: =IF(COUNTA(D5:H5)=0, "SIN REGISTRO", IF(I5>=0.8, "APTO", "INHABILITADO")) -> INHABILITADO
B6: 2 | C6: ='REGISTRO COMPLETO (SÍLABO)'!C6 -> ESTHER ZULEYKA BAYONA PAREDES | D6: ='REGISTRO COMPLETO (SÍLABO)'!D6 -> A | E6: ='REGISTRO COMPLETO (SÍLABO)'!E6 -> A | F6: ='REGISTRO COMPLETO (SÍLABO)'!F6 -> A | G6: ='REGISTRO COMPLETO (SÍLABO)'!G6 -> F | H6: ='REGISTRO COMPLETO (SÍLABO)'!H6 -> A | I6: =IF(COUNTA(D6:H6)=0, 0, (COUNTIF(D6:H6,"A")+COUNTIF(D6:H6,"R"))/COUNTA(D6:H6)) -> 0.8 | J6: =IF(COUNTA(D6:H6)=0, "SIN REGISTRO", IF(I6>=0.8, "APTO", "INHABILITADO")) -> APTO
B7: 3 | C7: ='REGISTRO COMPLETO (SÍLABO)'!C7 -> RODOLFO VALENTINO BONILLA VALLEJOS | D7: ='REGISTRO COMPLETO (SÍLABO)'!D7 -> F | E7: ='REGISTRO COMPLETO (SÍLABO)'!E7 -> F | F7: ='REGISTRO COMPLETO (SÍLABO)'!F7 -> A | G7: ='REGISTRO COMPLETO (SÍLABO)'!G7 -> F | H7: ='REGISTRO COMPLETO (SÍLABO)'!H7 -> F | I7: =IF(COUNTA(D7:H7)=0, 0, (COUNTIF(D7:H7,"A")+COUNTIF(D7:H7,"R"))/COUNTA(D7:H7)) -> 0.2 | J7: =IF(COUNTA(D7:H7)=0, "SIN REGISTRO", IF(I7>=0.8, "APTO", "INHABILITADO")) -> INHABILITADO
B8: 4 | C8: ='REGISTRO COMPLETO (SÍLABO)'!C8 -> NATAN RAY CABRERA ACUÑA | D8: ='REGISTRO COMPLETO (SÍLABO)'!D8 -> F | E8: ='REGISTRO COMPLETO (SÍLABO)'!E8 -> F | F8: ='REGISTRO COMPLETO (SÍLABO)'!F8 -> F | G8: ='REGISTRO COMPLETO (SÍLABO)'!G8 -> F | H8: ='REGISTRO COMPLETO (SÍLABO)'!H8 -> F | I8: =IF(COUNTA(D8:H8)=0, 0, (COUNTIF(D8:H8,"A")+COUNTIF(D8:H8,"R"))/COUNTA(D8:H8)) -> 0 | J8: =IF(COUNTA(D8:H8)=0, "SIN REGISTRO", IF(I8>=0.8, "APTO", "INHABILITADO")) -> INHABILITADO
B9: 5 | C9: ='REGISTRO COMPLETO (SÍLABO)'!C9 -> JOSE FABRICIO CASTAÑEDA COTRINA | D9: ='REGISTRO COMPLETO (SÍLABO)'!D9 -> F | E9: ='REGISTRO COMPLETO (SÍLABO)'!E9 -> F | F9: ='REGISTRO COMPLETO (SÍLABO)'!F9 -> F | G9: ='REGISTRO COMPLETO (SÍLABO)'!G9 -> F | H9: ='REGISTRO COMPLETO (SÍLABO)'!H9 -> F | I9: =IF(COUNTA(D9:H9)=0, 0, (COUNTIF(D9:H9,"A")+COUNTIF(D9:H9,"R"))/COUNTA(D9:H9)) -> 0 | J9: =IF(COUNTA(D9:H9)=0, "SIN REGISTRO", IF(I9>=0.8, "APTO", "INHABILITADO")) -> INHABILITADO
B10: 6 | C10: ='REGISTRO COMPLETO (SÍLABO)'!C10 -> DAYHELI ANGELINE CASTILLO ARCELA | D10: ='REGISTRO COMPLETO (SÍLABO)'!D10 -> F | E10: ='REGISTRO COMPLETO (SÍLABO)'!E10 -> F | F10: ='REGISTRO COMPLETO (SÍLABO)'!F10 -> F | G10: ='REGISTRO COMPLETO (SÍLABO)'!G10 -> F | H10: ='REGISTRO COMPLETO (SÍLABO)'!H10 -> F | I10: =IF(COUNTA(D10:H10)=0, 0, (COUNTIF(D10:H10,"A")+COUNTIF(D10:H10,"R"))/COUNTA(D10:H10)) -> 0 | J10: =IF(COUNTA(D10:H10)=0, "SIN REGISTRO", IF(I10>=0.8, "APTO", "INHABILITADO")) -> INHABILITADO
B11: 7 | C11: ='REGISTRO COMPLETO (SÍLABO)'!C11 -> JUAN D'ALESSANDRO CUSTODIO CAMPOS | D11: ='REGISTRO COMPLETO (SÍLABO)'!D11 -> F | E11: ='REGISTRO COMPLETO (SÍLABO)'!E11 -> F | F11: ='REGISTRO COMPLETO (SÍLABO)'!F11 -> A | G11: ='REGISTRO COMPLETO (SÍLABO)'!G11 -> A | H11: ='REGISTRO COMPLETO (SÍLABO)'!H11 -> A | I11: =IF(COUNTA(D11:H11)=0, 0, (COUNTIF(D11:H11,"A")+COUNTIF(D11:H11,"R"))/COUNTA(D11:H11)) -> 0.6 | J11: =IF(COUNTA(D11:H11)=0, "SIN REGISTRO", IF(I11>=0.8, "APTO", "INHABILITADO")) -> INHABILITADO
B12: 8 | C12: ='REGISTRO COMPLETO (SÍLABO)'!C12 -> ANYILI PIERINA DIAZ CARRASCO | D12: ='REGISTRO COMPLETO (SÍLABO)'!D12 -> A | E12: ='REGISTRO COMPLETO (SÍLABO)'!E12 -> A | F12: ='REGISTRO COMPLETO (SÍLABO)'!F12 -> F | G12: ='REGISTRO COMPLETO (SÍLABO)'!G12 -> A | H12: ='REGISTRO COMPLETO (SÍLABO)'!H12 -> A | I12: =IF(COUNTA(D12:H12)=0, 0, (COUNTIF(D12:H12,"A")+COUNTIF(D12:H12,"R"))/COUNTA(D12:H12)) -> 0.8 | J12: =IF(COUNTA(D12:H12)=0, "SIN REGISTRO", IF(I12>=0.8, "APTO", "INHABILITADO")) -> APTO
B13: 9 | C13: ='REGISTRO COMPLETO (SÍLABO)'!C13 -> CESAR ENRIQUE FARROÑAN SANCHEZ | D13: ='REGISTRO COMPLETO (SÍLABO)'!D13 -> A | E13: ='REGISTRO COMPLETO (SÍLABO)'!E13 -> A | F13: ='REGISTRO COMPLETO (SÍLABO)'!F13 -> F | G13: ='REGISTRO COMPLETO (SÍLABO)'!G13 -> A | H13: ='REGISTRO COMPLETO (SÍLABO)'!H13 -> F | I13: =IF(COUNTA(D13:H13)=0, 0, (COUNTIF(D13:H13,"A")+COUNTIF(D13:H13,"R"))/COUNTA(D13:H13)) -> 0.6 | J13: =IF(COUNTA(D13:H13)=0, "SIN REGISTRO", IF(I13>=0.8, "APTO", "INHABILITADO")) -> INHABILITADO
B14: 10 | C14: ='REGISTRO COMPLETO (SÍLABO)'!C14 -> JOSUE ALBANO GALVEZ ODAR | D14: ='REGISTRO COMPLETO (SÍLABO)'!D14 -> F | E14: ='REGISTRO COMPLETO (SÍLABO)'!E14 -> R | F14: ='REGISTRO COMPLETO (SÍLABO)'!F14 -> A | G14: ='REGISTRO COMPLETO (SÍLABO)'!G14 -> R | H14: ='REGISTRO COMPLETO (SÍLABO)'!H14 -> F | I14: =IF(COUNTA(D14:H14)=0, 0, (COUNTIF(D14:H14,"A")+COUNTIF(D14:H14,"R"))/COUNTA(D14:H14)) -> 0.6 | J14: =IF(COUNTA(D14:H14)=0, "SIN REGISTRO", IF(I14>=0.8, "APTO", "INHABILITADO")) -> INHABILITADO
B15: 11 | C15: ='REGISTRO COMPLETO (SÍLABO)'!C15 -> HILDER YOSMAN LARA TINEO | D15: ='REGISTRO COMPLETO (SÍLABO)'!D15 -> F | E15: ='REGISTRO COMPLETO (SÍLABO)'!E15 -> R | F15: ='REGISTRO COMPLETO (SÍLABO)'!F15 -> A | G15: ='REGISTRO COMPLETO (SÍLABO)'!G15 -> R | H15: ='REGISTRO COMPLETO (SÍLABO)'!H15 -> A | I15: =IF(COUNTA(D15:H15)=0, 0, (COUNTIF(D15:H15,"A")+COUNTIF(D15:H15,"R"))/COUNTA(D15:H15)) -> 0.8 | J15: =IF(COUNTA(D15:H15)=0, "SIN REGISTRO", IF(I15>=0.8, "APTO", "INHABILITADO")) -> APTO
B16: 12 | C16: ='REGISTRO COMPLETO (SÍLABO)'!C16 -> JENIFFER KIMBERLY MANAYALLE DELGADO | D16: ='REGISTRO COMPLETO (SÍLABO)'!D16 -> A | E16: ='REGISTRO COMPLETO (SÍLABO)'!E16 -> R | F16: ='REGISTRO COMPLETO (SÍLABO)'!F16 -> F | G16: ='REGISTRO COMPLETO (SÍLABO)'!G16 -> A | H16: ='REGISTRO COMPLETO (SÍLABO)'!H16 -> A | I16: =IF(COUNTA(D16:H16)=0, 0, (COUNTIF(D16:H16,"A")+COUNTIF(D16:H16,"R"))/COUNTA(D16:H16)) -> 0.8 | J16: =IF(COUNTA(D16:H16)=0, "SIN REGISTRO", IF(I16>=0.8, "APTO", "INHABILITADO")) -> APTO
... B24: 20 | C24: ='REGISTRO COMPLETO (SÍLABO)'!C24 | D24: ='REGISTRO COMPLETO (SÍLABO)'!D24 | E24: ='REGISTRO COMPLETO (SÍLABO)'!E24 | F24: ='REGISTRO COMPLETO (SÍLABO)'!F24 | G24: ='REGISTRO COMPLETO (SÍLABO)'!G24 | H24: ='REGISTRO COMPLETO (SÍLABO)'!H24 | I24: =IF(COUNTA(D24:H24)=0, 0, (COUNTIF(D24:H24,"A")+COUNTIF(D24:H24,"R"))/COUNTA(D24:H24)) -> 0 | J24: =IF(COUNTA(D24:H24)=0, "SIN REGISTRO", IF(I24>=0.8, "APTO", "INHABILITADO")) -> SIN REGISTRO

Sheet ASISTENCIA OCTUBRE
B1: ASISTENCIA OCTUBRE | D1: MES DE OCTUBRE 2026 — 9 CLASES | EVALUACIONES ONLINE: TA1 (01/10) Y TA2 (22/10)
D2: ATENCIÓN: JUE 01/10 RINDEN TALLER ONLINE 1 (TA1) Y JUE 22/10 RINDEN TALLER ONLINE 2 (TA2)
B3: SEMANAS DE OCTUBRE | D3: J | E3: M | F3: J | G3: M | H3: J | I3: M | J3: J | K3: M | L3: J | M3: % ASIST | N3: CONDICIÓN
B4: NO | C4: APELLIDOS Y NOMBRES | D4: 01/10 TA1 (15%) | E4: 06/10 | F4: 08/10 | G4: 13/10 | H4: 15/10 | I4: 20/10 | J4: 22/10 TA2 (15%) | K4: 27/10 | L4: 29/10 | M4: MIN 80% | N4: HABILITADO
B5: 1 | C5: ='REGISTRO COMPLETO (SÍLABO)'!C5 -> NURIED ARLET ATOCHE ORELLANA | D5: ='REGISTRO COMPLETO (SÍLABO)'!I5 | E5: ='REGISTRO COMPLETO (SÍLABO)'!J5 | F5: ='REGISTRO COMPLETO (SÍLABO)'!K5 | G5: ='REGISTRO COMPLETO (SÍLABO)'!L5 | H5: ='REGISTRO COMPLETO (SÍLABO)'!M5 | I5: ='REGISTRO COMPLETO (SÍLABO)'!N5 | J5: ='REGISTRO COMPLETO (SÍLABO)'!O5 | K5: ='REGISTRO COMPLETO (SÍLABO)'!P5 | L5: ='REGISTRO COMPLETO (SÍLABO)'!Q5 | M5: =IF(COUNTA(D5:L5)=0, 0, (COUNTIF(D5:L5,"A")+COUNTIF(D5:L5,"R"))/COUNTA(D5:L5)) -> 0 | N5: =IF(COUNTA(D5:L5)=0, "SIN REGISTRO", IF(M5>=0.8, "APTO", "INHABILITADO")) -> SIN REGISTRO
B6: 2 | C6: ='REGISTRO COMPLETO (SÍLABO)'!C6 -> ESTHER ZULEYKA BAYONA PAREDES | D6: ='REGISTRO COMPLETO (SÍLABO)'!I6 | E6: ='REGISTRO COMPLETO (SÍLABO)'!J6 | F6: ='REGISTRO COMPLETO (SÍLABO)'!K6 | G6: ='REGISTRO COMPLETO (SÍLABO)'!L6 | H6: ='REGISTRO COMPLETO (SÍLABO)'!M6 | I6: ='REGISTRO COMPLETO (SÍLABO)'!N6 | J6: ='REGISTRO COMPLETO (SÍLABO)'!O6 | K6: ='REGISTRO COMPLETO (SÍLABO)'!P6 | L6: ='REGISTRO COMPLETO (SÍLABO)'!Q6 | M6: =IF(COUNTA(D6:L6)=0, 0, (COUNTIF(D6:L6,"A")+COUNTIF(D6:L6,"R"))/COUNTA(D6:L6)) -> 0 | N6: =IF(COUNTA(D6:L6)=0, "SIN REGISTRO", IF(M6>=0.8, "APTO", "INHABILITADO")) -> SIN REGISTRO
B7: 3 | C7: ='REGISTRO COMPLETO (SÍLABO)'!C7 -> RODOLFO VALENTINO BONILLA VALLEJOS | D7: ='REGISTRO COMPLETO (SÍLABO)'!I7 | E7: ='REGISTRO COMPLETO (SÍLABO)'!J7 | F7: ='REGISTRO COMPLETO (SÍLABO)'!K7 | G7: ='REGISTRO COMPLETO (SÍLABO)'!L7 | H7: ='REGISTRO COMPLETO (SÍLABO)'!M7 | I7: ='REGISTRO COMPLETO (SÍLABO)'!N7 | J7: ='REGISTRO COMPLETO (SÍLABO)'!O7 | K7: ='REGISTRO COMPLETO (SÍLABO)'!P7 | L7: ='REGISTRO COMPLETO (SÍLABO)'!Q7 | M7: =IF(COUNTA(D7:L7)=0, 0, (COUNTIF(D7:L7,"A")+COUNTIF(D7:L7,"R"))/COUNTA(D7:L7)) -> 0 | N7: =IF(COUNTA(D7:L7)=0, "SIN REGISTRO", IF(M7>=0.8, "APTO", "INHABILITADO")) -> SIN REGISTRO
B8: 4 | C8: ='REGISTRO COMPLETO (SÍLABO)'!C8 -> NATAN RAY CABRERA ACUÑA | D8: ='REGISTRO COMPLETO (SÍLABO)'!I8 | E8: ='REGISTRO COMPLETO (SÍLABO)'!J8 | F8: ='REGISTRO COMPLETO (SÍLABO)'!K8 | G8: ='REGISTRO COMPLETO (SÍLABO)'!L8 | H8: ='REGISTRO COMPLETO (SÍLABO)'!M8 | I8: ='REGISTRO COMPLETO (SÍLABO)'!N8 | J8: ='REGISTRO COMPLETO (SÍLABO)'!O8 | K8: ='REGISTRO COMPLETO (SÍLABO)'!P8 | L8: ='REGISTRO COMPLETO (SÍLABO)'!Q8 | M8: =IF(COUNTA(D8:L8)=0, 0, (COUNTIF(D8:L8,"A")+COUNTIF(D8:L8,"R"))/COUNTA(D8:L8)) -> 0 | N8: =IF(COUNTA(D8:L8)=0, "SIN REGISTRO", IF(M8>=0.8, "APTO", "INHABILITADO")) -> SIN REGISTRO
B9: 5 | C9: ='REGISTRO COMPLETO (SÍLABO)'!C9 -> JOSE FABRICIO CASTAÑEDA COTRINA | D9: ='REGISTRO COMPLETO (SÍLABO)'!I9 | E9: ='REGISTRO COMPLETO (SÍLABO)'!J9 | F9: ='REGISTRO COMPLETO (SÍLABO)'!K9 | G9: ='REGISTRO COMPLETO (SÍLABO)'!L9 | H9: ='REGISTRO COMPLETO (SÍLABO)'!M9 | I9: ='REGISTRO COMPLETO (SÍLABO)'!N9 | J9: ='REGISTRO COMPLETO (SÍLABO)'!O9 | K9: ='REGISTRO COMPLETO (SÍLABO)'!P9 | L9: ='REGISTRO COMPLETO (SÍLABO)'!Q9 | M9: =IF(COUNTA(D9:L9)=0, 0, (COUNTIF(D9:L9,"A")+COUNTIF(D9:L9,"R"))/COUNTA(D9:L9)) -> 0 | N9: =IF(COUNTA(D9:L9)=0, "SIN REGISTRO", IF(M9>=0.8, "APTO", "INHABILITADO")) -> SIN REGISTRO
B10: 6 | C10: ='REGISTRO COMPLETO (SÍLABO)'!C10 -> DAYHELI ANGELINE CASTILLO ARCELA | D10: ='REGISTRO COMPLETO (SÍLABO)'!I10 | E10: ='REGISTRO COMPLETO (SÍLABO)'!J10 | F10: ='REGISTRO COMPLETO (SÍLABO)'!K10 | G10: ='REGISTRO COMPLETO (SÍLABO)'!L10 | H10: ='REGISTRO COMPLETO (SÍLABO)'!M10 | I10: ='REGISTRO COMPLETO (SÍLABO)'!N10 | J10: ='REGISTRO COMPLETO (SÍLABO)'!O10 | K10: ='REGISTRO COMPLETO (SÍLABO)'!P10 | L10: ='REGISTRO COMPLETO (SÍLABO)'!Q10 | M10: =IF(COUNTA(D10:L10)=0, 0, (COUNTIF(D10:L10,"A")+COUNTIF(D10:L10,"R"))/COUNTA(D10:L10)) -> 0 | N10: =IF(COUNTA(D10:L10)=0, "SIN REGISTRO", IF(M10>=0.8, "APTO", "INHABILITADO")) -> SIN REGISTRO
B11: 7 | C11: ='REGISTRO COMPLETO (SÍLABO)'!C11 -> JUAN D'ALESSANDRO CUSTODIO CAMPOS | D11: ='REGISTRO COMPLETO (SÍLABO)'!I11 | E11: ='REGISTRO COMPLETO (SÍLABO)'!J11 | F11: ='REGISTRO COMPLETO (SÍLABO)'!K11 | G11: ='REGISTRO COMPLETO (SÍLABO)'!L11 | H11: ='REGISTRO COMPLETO (SÍLABO)'!M11 | I11: ='REGISTRO COMPLETO (SÍLABO)'!N11 | J11: ='REGISTRO COMPLETO (SÍLABO)'!O11 | K11: ='REGISTRO COMPLETO (SÍLABO)'!P11 | L11: ='REGISTRO COMPLETO (SÍLABO)'!Q11 | M11: =IF(COUNTA(D11:L11)=0, 0, (COUNTIF(D11:L11,"A")+COUNTIF(D11:L11,"R"))/COUNTA(D11:L11)) -> 0 | N11: =IF(COUNTA(D11:L11)=0, "SIN REGISTRO", IF(M11>=0.8, "APTO", "INHABILITADO")) -> SIN REGISTRO
B12: 8 | C12: ='REGISTRO COMPLETO (SÍLABO)'!C12 -> ANYILI PIERINA DIAZ CARRASCO | D12: ='REGISTRO COMPLETO (SÍLABO)'!I12 | E12: ='REGISTRO COMPLETO (SÍLABO)'!J12 | F12: ='REGISTRO COMPLETO (SÍLABO)'!K12 | G12: ='REGISTRO COMPLETO (SÍLABO)'!L12 | H12: ='REGISTRO COMPLETO (SÍLABO)'!M12 | I12: ='REGISTRO COMPLETO (SÍLABO)'!N12 | J12: ='REGISTRO COMPLETO (SÍLABO)'!O12 | K12: ='REGISTRO COMPLETO (SÍLABO)'!P12 | L12: ='REGISTRO COMPLETO (SÍLABO)'!Q12 | M12: =IF(COUNTA(D12:L12)=0, 0, (COUNTIF(D12:L12,"A")+COUNTIF(D12:L12,"R"))/COUNTA(D12:L12)) -> 0 | N12: =IF(COUNTA(D12:L12)=0, "SIN REGISTRO", IF(M12>=0.8, "APTO", "INHABILITADO")) -> SIN REGISTRO
B13: 9 | C13: ='REGISTRO COMPLETO (SÍLABO)'!C13 -> CESAR ENRIQUE FARROÑAN SANCHEZ | D13: ='REGISTRO COMPLETO (SÍLABO)'!I13 | E13: ='REGISTRO COMPLETO (SÍLABO)'!J13 | F13: ='REGISTRO COMPLETO (SÍLABO)'!K13 | G13: ='REGISTRO COMPLETO (SÍLABO)'!L13 | H13: ='REGISTRO COMPLETO (SÍLABO)'!M13 | I13: ='REGISTRO COMPLETO (SÍLABO)'!N13 | J13: ='REGISTRO COMPLETO (SÍLABO)'!O13 | K13: ='REGISTRO COMPLETO (SÍLABO)'!P13 | L13: ='REGISTRO COMPLETO (SÍLABO)'!Q13 | M13: =IF(COUNTA(D13:L13)=0, 0, (COUNTIF(D13:L13,"A")+COUNTIF(D13:L13,"R"))/COUNTA(D13:L13)) -> 0 | N13: =IF(COUNTA(D13:L13)=0, "SIN REGISTRO", IF(M13>=0.8, "APTO", "INHABILITADO")) -> SIN REGISTRO
B14: 10 | C14: ='REGISTRO COMPLETO (SÍLABO)'!C14 -> JOSUE ALBANO GALVEZ ODAR | D14: ='REGISTRO COMPLETO (SÍLABO)'!I14 | E14: ='REGISTRO COMPLETO (SÍLABO)'!J14 | F14: ='REGISTRO COMPLETO (SÍLABO)'!K14 | G14: ='REGISTRO COMPLETO (SÍLABO)'!L14 | H14: ='REGISTRO COMPLETO (SÍLABO)'!M14 | I14: ='REGISTRO COMPLETO (SÍLABO)'!N14 | J14: ='REGISTRO COMPLETO (SÍLABO)'!O14 | K14: ='REGISTRO COMPLETO (SÍLABO)'!P14 | L14: ='REGISTRO COMPLETO (SÍLABO)'!Q14 | M14: =IF(COUNTA(D14:L14)=0, 0, (COUNTIF(D14:L14,"A")+COUNTIF(D14:L14,"R"))/COUNTA(D14:L14)) -> 0 | N14: =IF(COUNTA(D14:L14)=0, "SIN REGISTRO", IF(M14>=0.8, "APTO", "INHABILITADO")) -> SIN REGISTRO
B15: 11 | C15: ='REGISTRO COMPLETO (SÍLABO)'!C15 -> HILDER YOSMAN LARA TINEO | D15: ='REGISTRO COMPLETO (SÍLABO)'!I15 | E15: ='REGISTRO COMPLETO (SÍLABO)'!J15 | F15: ='REGISTRO COMPLETO (SÍLABO)'!K15 | G15: ='REGISTRO COMPLETO (SÍLABO)'!L15 | H15: ='REGISTRO COMPLETO (SÍLABO)'!M15 | I15: ='REGISTRO COMPLETO (SÍLABO)'!N15 | J15: ='REGISTRO COMPLETO (SÍLABO)'!O15 | K15: ='REGISTRO COMPLETO (SÍLABO)'!P15 | L15: ='REGISTRO COMPLETO (SÍLABO)'!Q15 | M15: =IF(COUNTA(D15:L15)=0, 0, (COUNTIF(D15:L15,"A")+COUNTIF(D15:L15,"R"))/COUNTA(D15:L15)) -> 0 | N15: =IF(COUNTA(D15:L15)=0, "SIN REGISTRO", IF(M15>=0.8, "APTO", "INHABILITADO")) -> SIN REGISTRO
B16: 12 | C16: ='REGISTRO COMPLETO (SÍLABO)'!C16 -> JENIFFER KIMBERLY MANAYALLE DELGADO | D16: ='REGISTRO COMPLETO (SÍLABO)'!I16 | E16: ='REGISTRO COMPLETO (SÍLABO)'!J16 | F16: ='REGISTRO COMPLETO (SÍLABO)'!K16 | G16: ='REGISTRO COMPLETO (SÍLABO)'!L16 | H16: ='REGISTRO COMPLETO (SÍLABO)'!M16 | I16: ='REGISTRO COMPLETO (SÍLABO)'!N16 | J16: ='REGISTRO COMPLETO (SÍLABO)'!O16 | K16: ='REGISTRO COMPLETO (SÍLABO)'!P16 | L16: ='REGISTRO COMPLETO (SÍLABO)'!Q16 | M16: =IF(COUNTA(D16:L16)=0, 0, (COUNTIF(D16:L16,"A")+COUNTIF(D16:L16,"R"))/COUNTA(D16:L16)) -> 0 | N16: =IF(COUNTA(D16:L16)=0, "SIN REGISTRO", IF(M16>=0.8, "APTO", "INHABILITADO")) -> SIN REGISTRO
... B24: 20 | C24: ='REGISTRO COMPLETO (SÍLABO)'!C24 | D24: ='REGISTRO COMPLETO (SÍLABO)'!I24 | E24: ='REGISTRO COMPLETO (SÍLABO)'!J24 | F24: ='REGISTRO COMPLETO (SÍLABO)'!K24 | G24: ='REGISTRO COMPLETO (SÍLABO)'!L24 | H24: ='REGISTRO COMPLETO (SÍLABO)'!M24 | I24: ='REGISTRO COMPLETO (SÍLABO)'!N24 | J24: ='REGISTRO COMPLETO (SÍLABO)'!O24 | K24: ='REGISTRO COMPLETO (SÍLABO)'!P24 | L24: ='REGISTRO COMPLETO (SÍLABO)'!Q24 | M24: =IF(COUNTA(D24:L24)=0, 0, (COUNTIF(D24:L24,"A")+COUNTIF(D24:L24,"R"))/COUNTA(D24:L24)) -> 0 | N24: =IF(COUNTA(D24:L24)=0, "SIN REGISTRO", IF(M24>=0.8, "APTO", "INHABILITADO")) -> SIN REGISTRO

Sheet DATOS Y RÚBRICA
B2: CENTRO DE INFORMÁTICA USS (CINF - PROTECH XP)
B3: PARÁMETROS DE EVALUACIÓN, RÚBRICA DE PARTICIPACIÓN Y EXÁMENES
B5: CÓDIGO DE ASISTENCIA | E5: RÚBRICA OFICIAL DE PARTICIPACIÓN EN AULA [PA: 40%] (SÍLABO USS)
B6: CÓDIGO | C6: SIGNIFICADO | E6: RANGO NOTA | F6: NIVEL DE INVOLUCRAMIENTO EN CLASE | G6: CRITERIO AUTOMATIZADO
B7: A | C7: ASISTENCIA | E7: 00 - 06 | F7: Solo asistencia a clase (sin participación activa) | G7: 0 intervenciones registradas (Base: 5 pts)
B8: F | C8: FALTA | E8: 07 - 10 | F8: Asistencia con confirmación / aportes esporádicos | G8: 1 a 3 intervenciones acumuladas
B9: R | C9: RETARDO | E9: 11 - 16 | F9: Asistencia y participación online activa en talleres | G9: 4 a 7 intervenciones acumuladas
E10: 17 - 20 | F10: Asistencia constante, participación destacada y entrega de evidencias | G10: 8 o más intervenciones acumuladas
B12: SISTEMA OFICIAL DE CALIFICACIÓN (PROTECH XP - CINF USS)
B13: Participación en Aula [PA] | D13: 40% | E13: Jue 15/09 al Jue 05/11 | F13: Evaluación continua de intervenciones en cada clase
B14: Taller Online 1 [TA1] | D14: 15% | E14: Jueves 01 de Octubre | F14: Sesión 6: Formularios HTML5 en Aula Virtual
B15: Taller Online 2 [TA2] | D15: 15% | E15: Jueves 22 de Octubre | F15: Sesión 12: Diseño Web Responsivo en Aula Virtual
B16: Examen Final [EF] | D16: 30% | E16: Jueves 05 de Noviembre | F16: Sesión 16: Evaluación Integradora Final en Aula Virtual
B17: PROMEDIO = (40%) PA + (15%) TA1 + (15%) TA2 + (30%) EF | NOTA MÍNIMA APROBATORIA: 11 | ASISTENCIA MÍNIMA: 80%
